--Tipos internos
insert into tipo_interno(tipo_interno) values('Entero positivo');
insert into tipo_interno(tipo_interno) values('String');
insert into tipo_interno(tipo_interno) values('Tipo base');
insert into tipo_interno(tipo_interno) values('Boolean');
insert into tipo_interno(tipo_interno) values('Decimal');
insert into tipo_interno(tipo_interno) values('Date');
insert into tipo_interno(tipo_interno) values('Time');
insert into tipo_interno(tipo_interno) values('DateTime');
insert into tipo_interno(tipo_interno) values('Mes+Anio');
insert into tipo_interno(tipo_interno) values('Anio');
insert into tipo_interno(tipo_interno) values('Mes+Dia');
insert into tipo_interno(tipo_interno) values('Dia');
insert into tipo_interno(tipo_interno) values('Mes');
insert into tipo_interno(tipo_interno) values('Periodo');
insert into tipo_interno(tipo_interno) values('URI');
insert into tipo_interno(tipo_interno) values('Entero');
insert into tipo_interno(tipo_interno) values('Entero Negativo');
insert into tipo_interno(tipo_interno) values('Entero No Positivo');
insert into tipo_interno(tipo_interno) values('Long');
insert into tipo_interno(tipo_interno) values('Short');
insert into tipo_interno(tipo_interno) values('Byte');
insert into tipo_interno(tipo_interno) values('Long unsigned');
insert into tipo_interno(tipo_interno) values('Int unsigned');
insert into tipo_interno(tipo_interno) values('Short unsigned');
insert into tipo_interno(tipo_interno) values('Byte unsigned');
insert into tipo_interno(tipo_interno) values('Periodo Anio+Mes');
insert into tipo_interno(tipo_interno) values('Periodo Dia');
insert into tipo_interno(tipo_interno) values('DateTimeStamp');

--Clase de tipos
insert into tipo_clasificacion(clasificacion) values('Primitive Datatypes');
insert into tipo_clasificacion(clasificacion) values('Other Built-in Datatypes');
insert into tipo_clasificacion(clasificacion) values('Definicion extra');

--Tipos
insert into tipo(tipo, id_tipo_interno, id_tipo_clasificacion) values('string',			   2, 1);
insert into tipo(tipo, id_tipo_interno, id_tipo_clasificacion) values('boolean',		   4, 1);
insert into tipo(tipo, id_tipo_interno, id_tipo_clasificacion) values('decimal',		   5, 1);
insert into tipo(tipo, id_tipo_interno, id_tipo_clasificacion) values('float',			   5, 1);
insert into tipo(tipo, id_tipo_interno, id_tipo_clasificacion) values('double',			   5, 1);
insert into tipo(tipo, id_tipo_interno, id_tipo_clasificacion) values('duration',          14, 1);
insert into tipo(tipo, id_tipo_interno, id_tipo_clasificacion) values('dateTime',		   8, 1);
insert into tipo(tipo, id_tipo_interno, id_tipo_clasificacion) values('time',			   7, 1);
insert into tipo(tipo, id_tipo_interno, id_tipo_clasificacion) values('date',			   6, 1);
insert into tipo(tipo, id_tipo_interno, id_tipo_clasificacion) values('gYearMonth',		   9, 1);
insert into tipo(tipo, id_tipo_interno, id_tipo_clasificacion) values('gYear',			   10, 1);
insert into tipo(tipo, id_tipo_interno, id_tipo_clasificacion) values('gMonthDay',         11, 1);
insert into tipo(tipo, id_tipo_interno, id_tipo_clasificacion) values('gDay',              12, 1);
insert into tipo(tipo, id_tipo_interno, id_tipo_clasificacion) values('gMonth',            13, 1);
insert into tipo(tipo, id_tipo_interno, id_tipo_clasificacion) values('hexBinary',         2, 1);
insert into tipo(tipo, id_tipo_interno, id_tipo_clasificacion) values('base64Binary',      2, 1);
insert into tipo(tipo, id_tipo_interno, id_tipo_clasificacion) values('anyURI',            15, 1);
insert into tipo(tipo, id_tipo_interno, id_tipo_clasificacion) values('QName',             2, 1);
insert into tipo(tipo, id_tipo_interno, id_tipo_clasificacion) values('NOTATION',          2, 1);
insert into tipo(tipo, id_tipo_interno, id_tipo_clasificacion) values('normalizedString',  2, 2);
insert into tipo(tipo, id_tipo_interno, id_tipo_clasificacion) values('token',             2, 2);
insert into tipo(tipo, id_tipo_interno, id_tipo_clasificacion) values('language',          2, 2);
insert into tipo(tipo, id_tipo_interno, id_tipo_clasificacion) values('NMTOKEN',           2, 2);
insert into tipo(tipo, id_tipo_interno, id_tipo_clasificacion) values('NMTOKENS',          2, 2);
insert into tipo(tipo, id_tipo_interno, id_tipo_clasificacion) values('Name',              2, 2);
insert into tipo(tipo, id_tipo_interno, id_tipo_clasificacion) values('NCName',            2, 2);
insert into tipo(tipo, id_tipo_interno, id_tipo_clasificacion) values('ID',                2, 2);
insert into tipo(tipo, id_tipo_interno, id_tipo_clasificacion) values('IDREF',             2, 2);
insert into tipo(tipo, id_tipo_interno, id_tipo_clasificacion) values('IDREFS',            2, 2);
insert into tipo(tipo, id_tipo_interno, id_tipo_clasificacion) values('ENTITY',            2, 2);
insert into tipo(tipo, id_tipo_interno, id_tipo_clasificacion) values('ENTITIES',          2, 2);
insert into tipo(tipo, id_tipo_interno, id_tipo_clasificacion) values('integer',           16, 2);
insert into tipo(tipo, id_tipo_interno, id_tipo_clasificacion) values('nonPositiveInteger',18, 2);
insert into tipo(tipo, id_tipo_interno, id_tipo_clasificacion) values('negativeInteger',   17, 2);
insert into tipo(tipo, id_tipo_interno, id_tipo_clasificacion) values('long',              19, 2);
insert into tipo(tipo, id_tipo_interno, id_tipo_clasificacion) values('int',               16, 2);
insert into tipo(tipo, id_tipo_interno, id_tipo_clasificacion) values('short',             20, 2);
insert into tipo(tipo, id_tipo_interno, id_tipo_clasificacion) values('byte',              21, 2);
insert into tipo(tipo, id_tipo_interno, id_tipo_clasificacion) values('nonNegativeInteger',1, 2);
insert into tipo(tipo, id_tipo_interno, id_tipo_clasificacion) values('unsignedLong',      22, 2);
insert into tipo(tipo, id_tipo_interno, id_tipo_clasificacion) values('unsignedInt',       23, 2);
insert into tipo(tipo, id_tipo_interno, id_tipo_clasificacion) values('unsignedShort',     24, 2);
insert into tipo(tipo, id_tipo_interno, id_tipo_clasificacion) values('unsignedByte',      25, 2);
insert into tipo(tipo, id_tipo_interno, id_tipo_clasificacion) values('positiveInteger',   26, 2);
insert into tipo(tipo, id_tipo_interno, id_tipo_clasificacion) values('yearMonthDuration', 27, 2);
insert into tipo(tipo, id_tipo_interno, id_tipo_clasificacion) values('dayTimeDuration',   28, 2);
insert into tipo(tipo, id_tipo_interno, id_tipo_clasificacion) values('dateTimeStamp',     29, 2);
insert into tipo(tipo, id_tipo_interno, id_tipo_clasificacion) values('nameElement',       2,  3);
insert into tipo(tipo, id_tipo_interno, id_tipo_clasificacion) values('simpleTypeOrBuilt', 2,  3);

--Tipo de Facetas
insert into tipo_faceta(tipo_faceta) values('Constraining Facets');
insert into tipo_faceta(tipo_faceta) values('Fundamental Facets');

--Facetas tipo: Facetas Fundamentales
insert into faceta(faceta, 	id_tipo_faceta, id_tipo_interno) values('ordered',      2, null);
insert into faceta(faceta, 	id_tipo_faceta, id_tipo_interno) values('bounded',      2, null);
insert into faceta(faceta, 	id_tipo_faceta, id_tipo_interno) values('cardinality',  2, null);
insert into faceta(faceta, 	id_tipo_faceta, id_tipo_interno) values('numeric',      2, null);
--Facetas tipo: Facetas
insert into faceta(faceta, 	id_tipo_faceta, id_tipo_interno) values('length',			1, 1);
insert into faceta(faceta, 	id_tipo_faceta, id_tipo_interno) values('minLength',		1, 1);
insert into faceta(faceta, 	id_tipo_faceta, id_tipo_interno) values('maxLength',		1, 1);
insert into faceta(faceta, 	id_tipo_faceta, id_tipo_interno) values('pattern',			1, 2);
insert into faceta(faceta, 	id_tipo_faceta, id_tipo_interno) values('enumeration', 		1, 3);
insert into faceta(faceta, 	id_tipo_faceta, id_tipo_interno) values('whiteSpace',       1, null);
insert into faceta(faceta, 	id_tipo_faceta, id_tipo_interno) values('maxInclusive', 	1, 3);
insert into faceta(faceta, 	id_tipo_faceta, id_tipo_interno) values('maxExclusive', 	1, 3);
insert into faceta(faceta, 	id_tipo_faceta, id_tipo_interno) values('minExclusive', 	1, 3);
insert into faceta(faceta, 	id_tipo_faceta, id_tipo_interno) values('minInclusive', 	1, 3);
insert into faceta(faceta, 	id_tipo_faceta, id_tipo_interno) values('totalDigits', 		1, 1);
insert into faceta(faceta, 	id_tipo_faceta, id_tipo_interno) values('fractionDigits', 	1, 1);
insert into faceta(faceta, 	id_tipo_faceta, id_tipo_interno) values('assertions', 		1, 2);
insert into faceta(faceta, 	id_tipo_faceta, id_tipo_interno) values('explicitTimezone', 1, null);

--Valores
insert into valor(valor) values('total');
insert into valor(valor) values('partial');
insert into valor(valor) values('true');
insert into valor(valor) values('false');
insert into valor(valor) values('finite');
insert into valor(valor) values('countably infinite');
insert into valor(valor) values('preserve');
insert into valor(valor) values('replace');
insert into valor(valor) values('collapse');
insert into valor(valor) values('required');
insert into valor(valor) values('prohibited');
insert into valor(valor) values('optional');

--Facetas fundamentales
--ordered: total|partial|false
insert into faceta_valor_admitido(id_faceta, id_valor) values(1, 1);
insert into faceta_valor_admitido(id_faceta, id_valor) values(1, 2);
insert into faceta_valor_admitido(id_faceta, id_valor) values(1, 4);
--bounded: true|false
insert into faceta_valor_admitido(id_faceta, id_valor) values(2, 3);
insert into faceta_valor_admitido(id_faceta, id_valor) values(2, 4);
--cardinality: finite|countably infinite
insert into faceta_valor_admitido(id_faceta, id_valor) values(3, 5);
insert into faceta_valor_admitido(id_faceta, id_valor) values(3, 6);
--numeric: true|false
insert into faceta_valor_admitido(id_faceta, id_valor) values(4, 3);
insert into faceta_valor_admitido(id_faceta, id_valor) values(4, 4);
--Facetas
--WhiteSpace
insert into faceta_valor_admitido(id_faceta, id_valor) values(10, 7);
insert into faceta_valor_admitido(id_faceta, id_valor) values(10, 8);
insert into faceta_valor_admitido(id_faceta, id_valor) values(10, 9);
--ExplicitTimezone
insert into faceta_valor_admitido(id_faceta, id_valor) values(18, 10);
insert into faceta_valor_admitido(id_faceta, id_valor) values(18, 11);
insert into faceta_valor_admitido(id_faceta, id_valor) values(18, 12);

--Tipos con facetas validas
--string
insert into facetas_tipo(id_tipo, id_faceta, valor) values(1, 10,   'preserve');
insert into facetas_tipo(id_tipo, id_faceta, valor) values(1, 5,    null);
insert into facetas_tipo(id_tipo, id_faceta, valor) values(1, 6,    null);
insert into facetas_tipo(id_tipo, id_faceta, valor) values(1, 7,    null);
insert into facetas_tipo(id_tipo, id_faceta, valor) values(1, 8,    null);
insert into facetas_tipo(id_tipo, id_faceta, valor) values(1, 9,    null);
insert into facetas_tipo(id_tipo, id_faceta, valor) values(1, 17,   null);
insert into facetas_tipo(id_tipo, id_faceta, valor) values(1, 1,    'false');
insert into facetas_tipo(id_tipo, id_faceta, valor) values(1, 2,    'false');
insert into facetas_tipo(id_tipo, id_faceta, valor) values(1, 3,    'countably infinite');
insert into facetas_tipo(id_tipo, id_faceta, valor) values(1, 4,    'false');
--boolean
insert into facetas_tipo(id_tipo, id_faceta, valor) values(2, 8,    null);
insert into facetas_tipo(id_tipo, id_faceta, valor) values(2, 10,   'collapse');
insert into facetas_tipo(id_tipo, id_faceta, valor) values(2, 17,   null);
insert into facetas_tipo(id_tipo, id_faceta, valor) values(2, 1,    'false');
insert into facetas_tipo(id_tipo, id_faceta, valor) values(2, 2,    'false');
insert into facetas_tipo(id_tipo, id_faceta, valor) values(2, 3,    'finite');
insert into facetas_tipo(id_tipo, id_faceta, valor) values(2, 4,    'false');
--float
insert into facetas_tipo(id_tipo, id_faceta, valor) values(4, 8,    null);
insert into facetas_tipo(id_tipo, id_faceta, valor) values(4, 9,    null);
insert into facetas_tipo(id_tipo, id_faceta, valor) values(4, 10,   'collapse');
insert into facetas_tipo(id_tipo, id_faceta, valor) values(4, 11,   null);
insert into facetas_tipo(id_tipo, id_faceta, valor) values(4, 12,   null);
insert into facetas_tipo(id_tipo, id_faceta, valor) values(4, 13,   null);
insert into facetas_tipo(id_tipo, id_faceta, valor) values(4, 14,   null);
insert into facetas_tipo(id_tipo, id_faceta, valor) values(4, 17,   null);
insert into facetas_tipo(id_tipo, id_faceta, valor) values(4, 1,    'partial');
insert into facetas_tipo(id_tipo, id_faceta, valor) values(4, 2,    'true');
insert into facetas_tipo(id_tipo, id_faceta, valor) values(4, 3,    'finite');
insert into facetas_tipo(id_tipo, id_faceta, valor) values(4, 4,    'true');
--double
insert into facetas_tipo(id_tipo, id_faceta, valor) values(5, 8,    null);
insert into facetas_tipo(id_tipo, id_faceta, valor) values(5, 9,    null);
insert into facetas_tipo(id_tipo, id_faceta, valor) values(5, 10,   'collapse');
insert into facetas_tipo(id_tipo, id_faceta, valor) values(5, 11,   null);
insert into facetas_tipo(id_tipo, id_faceta, valor) values(5, 12,   null);
insert into facetas_tipo(id_tipo, id_faceta, valor) values(5, 13,   null);
insert into facetas_tipo(id_tipo, id_faceta, valor) values(5, 14,   null);
insert into facetas_tipo(id_tipo, id_faceta, valor) values(5, 17,   null);
insert into facetas_tipo(id_tipo, id_faceta, valor) values(5, 1,    'partial');
insert into facetas_tipo(id_tipo, id_faceta, valor) values(5, 2,    'true');
insert into facetas_tipo(id_tipo, id_faceta, valor) values(5, 3,    'finite');
insert into facetas_tipo(id_tipo, id_faceta, valor) values(5, 4,    'true');
--decimal
insert into facetas_tipo(id_tipo, id_faceta, valor) values(3, 15,   null);
insert into facetas_tipo(id_tipo, id_faceta, valor) values(3, 16,   null);
insert into facetas_tipo(id_tipo, id_faceta, valor) values(3, 8,    null);
insert into facetas_tipo(id_tipo, id_faceta, valor) values(3, 9,    null);
insert into facetas_tipo(id_tipo, id_faceta, valor) values(3, 10,   'collapse');
insert into facetas_tipo(id_tipo, id_faceta, valor) values(3, 11,   null);
insert into facetas_tipo(id_tipo, id_faceta, valor) values(3, 12,   null);
insert into facetas_tipo(id_tipo, id_faceta, valor) values(3, 13,   null);
insert into facetas_tipo(id_tipo, id_faceta, valor) values(3, 14,   null);
insert into facetas_tipo(id_tipo, id_faceta, valor) values(3, 17,   null);
insert into facetas_tipo(id_tipo, id_faceta, valor) values(3, 1,    'total');
insert into facetas_tipo(id_tipo, id_faceta, valor) values(3, 2,    'false');
insert into facetas_tipo(id_tipo, id_faceta, valor) values(3, 3,    'countably infinite');
insert into facetas_tipo(id_tipo, id_faceta, valor) values(3, 4,    'true');
--duration
insert into facetas_tipo(id_tipo, id_faceta, valor) values(6, 8,    null);
insert into facetas_tipo(id_tipo, id_faceta, valor) values(6, 9,    null);
insert into facetas_tipo(id_tipo, id_faceta, valor) values(6, 10,   'collapse');
insert into facetas_tipo(id_tipo, id_faceta, valor) values(6, 11,   null);
insert into facetas_tipo(id_tipo, id_faceta, valor) values(6, 12,   null);
insert into facetas_tipo(id_tipo, id_faceta, valor) values(6, 13,   null);
insert into facetas_tipo(id_tipo, id_faceta, valor) values(6, 14,   null);
insert into facetas_tipo(id_tipo, id_faceta, valor) values(6, 17,   null);
insert into facetas_tipo(id_tipo, id_faceta, valor) values(6, 1,    'partial');
insert into facetas_tipo(id_tipo, id_faceta, valor) values(6, 2,    'false');
insert into facetas_tipo(id_tipo, id_faceta, valor) values(6, 3,    'countably infinite');
insert into facetas_tipo(id_tipo, id_faceta, valor) values(6, 4,    'false');
--dateTime
insert into facetas_tipo(id_tipo, id_faceta, valor) values(7, 8,    null);
insert into facetas_tipo(id_tipo, id_faceta, valor) values(7, 9,    null);
insert into facetas_tipo(id_tipo, id_faceta, valor) values(7, 10,   'collapse');
insert into facetas_tipo(id_tipo, id_faceta, valor) values(7, 11,   null);
insert into facetas_tipo(id_tipo, id_faceta, valor) values(7, 12,   null);
insert into facetas_tipo(id_tipo, id_faceta, valor) values(7, 13,   null);
insert into facetas_tipo(id_tipo, id_faceta, valor) values(7, 14,   null);
insert into facetas_tipo(id_tipo, id_faceta, valor) values(7, 17,   null);
insert into facetas_tipo(id_tipo, id_faceta, valor) values(7, 18,   'optional');
insert into facetas_tipo(id_tipo, id_faceta, valor) values(7, 1,    'partial');
insert into facetas_tipo(id_tipo, id_faceta, valor) values(7, 2,    'false');
insert into facetas_tipo(id_tipo, id_faceta, valor) values(7, 3,    'countably infinite');
insert into facetas_tipo(id_tipo, id_faceta, valor) values(7, 4,    'false');
--time
insert into facetas_tipo(id_tipo, id_faceta, valor) values(8, 8,    null);
insert into facetas_tipo(id_tipo, id_faceta, valor) values(8, 9,    null);
insert into facetas_tipo(id_tipo, id_faceta, valor) values(8, 10,   'collapse');
insert into facetas_tipo(id_tipo, id_faceta, valor) values(8, 11,   null);
insert into facetas_tipo(id_tipo, id_faceta, valor) values(8, 12,   null);
insert into facetas_tipo(id_tipo, id_faceta, valor) values(8, 13,   null);
insert into facetas_tipo(id_tipo, id_faceta, valor) values(8, 14,   null);
insert into facetas_tipo(id_tipo, id_faceta, valor) values(8, 17,   null);
insert into facetas_tipo(id_tipo, id_faceta, valor) values(8, 18,   'optional');
insert into facetas_tipo(id_tipo, id_faceta, valor) values(8, 1,    'partial');
insert into facetas_tipo(id_tipo, id_faceta, valor) values(8, 2,    'false');
insert into facetas_tipo(id_tipo, id_faceta, valor) values(8, 3,    'countably infinite');
insert into facetas_tipo(id_tipo, id_faceta, valor) values(8, 4,    'false');
--date
insert into facetas_tipo(id_tipo, id_faceta, valor) values(9, 8,    null);
insert into facetas_tipo(id_tipo, id_faceta, valor) values(9, 9,    null);
insert into facetas_tipo(id_tipo, id_faceta, valor) values(9, 10,   'collapse');
insert into facetas_tipo(id_tipo, id_faceta, valor) values(9, 11,   null);
insert into facetas_tipo(id_tipo, id_faceta, valor) values(9, 12,   null);
insert into facetas_tipo(id_tipo, id_faceta, valor) values(9, 13,   null);
insert into facetas_tipo(id_tipo, id_faceta, valor) values(9, 14,   null);
insert into facetas_tipo(id_tipo, id_faceta, valor) values(9, 17,   null);
insert into facetas_tipo(id_tipo, id_faceta, valor) values(9, 18,   'optional');
insert into facetas_tipo(id_tipo, id_faceta, valor) values(9, 1,    'partial');
insert into facetas_tipo(id_tipo, id_faceta, valor) values(9, 2,    'false');
insert into facetas_tipo(id_tipo, id_faceta, valor) values(9, 3,    'countably infinite');
insert into facetas_tipo(id_tipo, id_faceta, valor) values(9, 4,    'false');
--gYearMonth
insert into facetas_tipo(id_tipo, id_faceta, valor) values(10, 8,    null);
insert into facetas_tipo(id_tipo, id_faceta, valor) values(10, 9,    null);
insert into facetas_tipo(id_tipo, id_faceta, valor) values(10, 10,   'collapse');
insert into facetas_tipo(id_tipo, id_faceta, valor) values(10, 11,   null);
insert into facetas_tipo(id_tipo, id_faceta, valor) values(10, 12,   null);
insert into facetas_tipo(id_tipo, id_faceta, valor) values(10, 13,   null);
insert into facetas_tipo(id_tipo, id_faceta, valor) values(10, 14,   null);
insert into facetas_tipo(id_tipo, id_faceta, valor) values(10, 17,   null);
insert into facetas_tipo(id_tipo, id_faceta, valor) values(10, 18,   'optional');
insert into facetas_tipo(id_tipo, id_faceta, valor) values(10, 1,    'partial');
insert into facetas_tipo(id_tipo, id_faceta, valor) values(10, 2,    'false');
insert into facetas_tipo(id_tipo, id_faceta, valor) values(10, 3,    'countably infinite');
insert into facetas_tipo(id_tipo, id_faceta, valor) values(10, 4,    'false');
--gYear
insert into facetas_tipo(id_tipo, id_faceta, valor) values(11, 8,    null);
insert into facetas_tipo(id_tipo, id_faceta, valor) values(11, 9,    null);
insert into facetas_tipo(id_tipo, id_faceta, valor) values(11, 10,   'collapse');
insert into facetas_tipo(id_tipo, id_faceta, valor) values(11, 11,   null);
insert into facetas_tipo(id_tipo, id_faceta, valor) values(11, 12,   null);
insert into facetas_tipo(id_tipo, id_faceta, valor) values(11, 13,   null);
insert into facetas_tipo(id_tipo, id_faceta, valor) values(11, 14,   null);
insert into facetas_tipo(id_tipo, id_faceta, valor) values(11, 17,   null);
insert into facetas_tipo(id_tipo, id_faceta, valor) values(11, 18,   'optional');
insert into facetas_tipo(id_tipo, id_faceta, valor) values(11, 1,    'partial');
insert into facetas_tipo(id_tipo, id_faceta, valor) values(11, 2,    'false');
insert into facetas_tipo(id_tipo, id_faceta, valor) values(11, 3,    'countably infinite');
insert into facetas_tipo(id_tipo, id_faceta, valor) values(11, 4,    'false');
--gMonthDay
insert into facetas_tipo(id_tipo, id_faceta, valor) values(12, 8,    null);
insert into facetas_tipo(id_tipo, id_faceta, valor) values(12, 9,    null);
insert into facetas_tipo(id_tipo, id_faceta, valor) values(12, 10,   'collapse');
insert into facetas_tipo(id_tipo, id_faceta, valor) values(12, 11,   null);
insert into facetas_tipo(id_tipo, id_faceta, valor) values(12, 12,   null);
insert into facetas_tipo(id_tipo, id_faceta, valor) values(12, 13,   null);
insert into facetas_tipo(id_tipo, id_faceta, valor) values(12, 14,   null);
insert into facetas_tipo(id_tipo, id_faceta, valor) values(12, 17,   null);
insert into facetas_tipo(id_tipo, id_faceta, valor) values(12, 18,   'optional');
insert into facetas_tipo(id_tipo, id_faceta, valor) values(12, 1,    'partial');
insert into facetas_tipo(id_tipo, id_faceta, valor) values(12, 2,    'false');
insert into facetas_tipo(id_tipo, id_faceta, valor) values(12, 3,    'countably infinite');
insert into facetas_tipo(id_tipo, id_faceta, valor) values(12, 4,    'false');
--gDay
insert into facetas_tipo(id_tipo, id_faceta, valor) values(13, 8,    null);
insert into facetas_tipo(id_tipo, id_faceta, valor) values(13, 9,    null);
insert into facetas_tipo(id_tipo, id_faceta, valor) values(13, 10,   'collapse');
insert into facetas_tipo(id_tipo, id_faceta, valor) values(13, 11,   null);
insert into facetas_tipo(id_tipo, id_faceta, valor) values(13, 12,   null);
insert into facetas_tipo(id_tipo, id_faceta, valor) values(13, 13,   null);
insert into facetas_tipo(id_tipo, id_faceta, valor) values(13, 14,   null);
insert into facetas_tipo(id_tipo, id_faceta, valor) values(13, 17,   null);
insert into facetas_tipo(id_tipo, id_faceta, valor) values(13, 18,   'optional');
insert into facetas_tipo(id_tipo, id_faceta, valor) values(13, 1,    'partial');
insert into facetas_tipo(id_tipo, id_faceta, valor) values(13, 2,    'false');
insert into facetas_tipo(id_tipo, id_faceta, valor) values(13, 3,    'countably infinite');
insert into facetas_tipo(id_tipo, id_faceta, valor) values(13, 4,    'false');
--gMonth
insert into facetas_tipo(id_tipo, id_faceta, valor) values(14, 8,    null);
insert into facetas_tipo(id_tipo, id_faceta, valor) values(14, 9,    null);
insert into facetas_tipo(id_tipo, id_faceta, valor) values(14, 10,   'collapse');
insert into facetas_tipo(id_tipo, id_faceta, valor) values(14, 11,   null);
insert into facetas_tipo(id_tipo, id_faceta, valor) values(14, 12,   null);
insert into facetas_tipo(id_tipo, id_faceta, valor) values(14, 13,   null);
insert into facetas_tipo(id_tipo, id_faceta, valor) values(14, 14,   null);
insert into facetas_tipo(id_tipo, id_faceta, valor) values(14, 17,   null);
insert into facetas_tipo(id_tipo, id_faceta, valor) values(14, 18,   'optional');
insert into facetas_tipo(id_tipo, id_faceta, valor) values(14, 1,    'partial');
insert into facetas_tipo(id_tipo, id_faceta, valor) values(14, 2,    'false');
insert into facetas_tipo(id_tipo, id_faceta, valor) values(14, 3,    'countably infinite');
insert into facetas_tipo(id_tipo, id_faceta, valor) values(14, 4,    'false');
--hexBinary
insert into facetas_tipo(id_tipo, id_faceta, valor) values(15, 5,   null);
insert into facetas_tipo(id_tipo, id_faceta, valor) values(15, 6,   null);
insert into facetas_tipo(id_tipo, id_faceta, valor) values(15, 7,   null);
insert into facetas_tipo(id_tipo, id_faceta, valor) values(15, 8,   null);
insert into facetas_tipo(id_tipo, id_faceta, valor) values(15, 9,   null);
insert into facetas_tipo(id_tipo, id_faceta, valor) values(15, 10,  'collapse');
insert into facetas_tipo(id_tipo, id_faceta, valor) values(15, 17,  null);
insert into facetas_tipo(id_tipo, id_faceta, valor) values(15, 1,   'false');
insert into facetas_tipo(id_tipo, id_faceta, valor) values(15, 2,   'false');
insert into facetas_tipo(id_tipo, id_faceta, valor) values(15, 3,   'countably infinite');
insert into facetas_tipo(id_tipo, id_faceta, valor) values(15, 4,   'false');
--base64Binary
insert into facetas_tipo(id_tipo, id_faceta, valor) values(16, 5,   null);
insert into facetas_tipo(id_tipo, id_faceta, valor) values(16, 6,   null);
insert into facetas_tipo(id_tipo, id_faceta, valor) values(16, 7,   null);
insert into facetas_tipo(id_tipo, id_faceta, valor) values(16, 8,   null);
insert into facetas_tipo(id_tipo, id_faceta, valor) values(16, 9,   null);
insert into facetas_tipo(id_tipo, id_faceta, valor) values(16, 10,  'collapse');
insert into facetas_tipo(id_tipo, id_faceta, valor) values(16, 17,  null);
insert into facetas_tipo(id_tipo, id_faceta, valor) values(16, 1,   'false');
insert into facetas_tipo(id_tipo, id_faceta, valor) values(16, 2,   'false');
insert into facetas_tipo(id_tipo, id_faceta, valor) values(16, 3,   'countably infinite');
insert into facetas_tipo(id_tipo, id_faceta, valor) values(16, 4,   'false');
--anyURI
insert into facetas_tipo(id_tipo, id_faceta, valor) values(17, 5,   null);
insert into facetas_tipo(id_tipo, id_faceta, valor) values(17, 6,   null);
insert into facetas_tipo(id_tipo, id_faceta, valor) values(17, 7,   null);
insert into facetas_tipo(id_tipo, id_faceta, valor) values(17, 8,   null);
insert into facetas_tipo(id_tipo, id_faceta, valor) values(17, 9,   null);
insert into facetas_tipo(id_tipo, id_faceta, valor) values(17, 10,  'collapse');
insert into facetas_tipo(id_tipo, id_faceta, valor) values(17, 17,  null);
insert into facetas_tipo(id_tipo, id_faceta, valor) values(17, 1,   'false');
insert into facetas_tipo(id_tipo, id_faceta, valor) values(17, 2,   'false');
insert into facetas_tipo(id_tipo, id_faceta, valor) values(17, 3,   'countably infinite');
insert into facetas_tipo(id_tipo, id_faceta, valor) values(17, 4,   'false');
--QName
insert into facetas_tipo(id_tipo, id_faceta, valor) values(18, 5,   null);
insert into facetas_tipo(id_tipo, id_faceta, valor) values(18, 6,   null);
insert into facetas_tipo(id_tipo, id_faceta, valor) values(18, 7,   null);
insert into facetas_tipo(id_tipo, id_faceta, valor) values(18, 8,   null);
insert into facetas_tipo(id_tipo, id_faceta, valor) values(18, 9,   null);
insert into facetas_tipo(id_tipo, id_faceta, valor) values(18, 10,  'collapse');
insert into facetas_tipo(id_tipo, id_faceta, valor) values(18, 17,  null);
insert into facetas_tipo(id_tipo, id_faceta, valor) values(18, 1,   'false');
insert into facetas_tipo(id_tipo, id_faceta, valor) values(18, 2,   'false');
insert into facetas_tipo(id_tipo, id_faceta, valor) values(18, 3,   'countably infinite');
insert into facetas_tipo(id_tipo, id_faceta, valor) values(18, 4,   'false');
--NOTATION
insert into facetas_tipo(id_tipo, id_faceta, valor) values(19, 5,   null);
insert into facetas_tipo(id_tipo, id_faceta, valor) values(19, 6,   null);
insert into facetas_tipo(id_tipo, id_faceta, valor) values(19, 7,   null);
insert into facetas_tipo(id_tipo, id_faceta, valor) values(19, 8,   null);
insert into facetas_tipo(id_tipo, id_faceta, valor) values(19, 9,   null);
insert into facetas_tipo(id_tipo, id_faceta, valor) values(19, 10,  'collapse');
insert into facetas_tipo(id_tipo, id_faceta, valor) values(19, 17,  null);
insert into facetas_tipo(id_tipo, id_faceta, valor) values(19, 1,   'false');
insert into facetas_tipo(id_tipo, id_faceta, valor) values(19, 2,   'false');
insert into facetas_tipo(id_tipo, id_faceta, valor) values(19, 3,   'countably infinite');
insert into facetas_tipo(id_tipo, id_faceta, valor) values(19, 4,   'false');
--normalizedString
insert into facetas_tipo(id_tipo, id_faceta, valor) values(20, 10,  'replace');
insert into facetas_tipo(id_tipo, id_faceta, valor) values(20, 5,   null);
insert into facetas_tipo(id_tipo, id_faceta, valor) values(20, 6,   null);
insert into facetas_tipo(id_tipo, id_faceta, valor) values(20, 7,   null);
insert into facetas_tipo(id_tipo, id_faceta, valor) values(20, 8,   null);
insert into facetas_tipo(id_tipo, id_faceta, valor) values(20, 9,   null);
insert into facetas_tipo(id_tipo, id_faceta, valor) values(20, 17,  null);
insert into facetas_tipo(id_tipo, id_faceta, valor) values(19, 1,   'false');
insert into facetas_tipo(id_tipo, id_faceta, valor) values(20, 2,   'false');
insert into facetas_tipo(id_tipo, id_faceta, valor) values(20, 3,   'countably infinite');
insert into facetas_tipo(id_tipo, id_faceta, valor) values(20, 4,   'false');
--token
insert into facetas_tipo(id_tipo, id_faceta, valor) values(21, 10,  'collapse');
insert into facetas_tipo(id_tipo, id_faceta, valor) values(21, 5,   null);
insert into facetas_tipo(id_tipo, id_faceta, valor) values(21, 6,   null);
insert into facetas_tipo(id_tipo, id_faceta, valor) values(21, 7,   null);
insert into facetas_tipo(id_tipo, id_faceta, valor) values(21, 8,   null);
insert into facetas_tipo(id_tipo, id_faceta, valor) values(21, 9,   null);
insert into facetas_tipo(id_tipo, id_faceta, valor) values(21, 17,  null);
insert into facetas_tipo(id_tipo, id_faceta, valor) values(21, 1,   'false');
insert into facetas_tipo(id_tipo, id_faceta, valor) values(21, 2,   'false');
insert into facetas_tipo(id_tipo, id_faceta, valor) values(21, 3,   'countably infinite');
insert into facetas_tipo(id_tipo, id_faceta, valor) values(21, 4,   'false');
--language
insert into facetas_tipo(id_tipo, id_faceta, valor) values(22, 8,   '[a-zA-Z]{1,8}(-[a-zA-Z0-9]{1,8})*');
insert into facetas_tipo(id_tipo, id_faceta, valor) values(22, 10,  'collapse');
insert into facetas_tipo(id_tipo, id_faceta, valor) values(22, 5,   null);
insert into facetas_tipo(id_tipo, id_faceta, valor) values(22, 6,   null);
insert into facetas_tipo(id_tipo, id_faceta, valor) values(22, 7,   null);
insert into facetas_tipo(id_tipo, id_faceta, valor) values(22, 9,   null);
insert into facetas_tipo(id_tipo, id_faceta, valor) values(22, 17,  null);
insert into facetas_tipo(id_tipo, id_faceta, valor) values(22, 1,   'false');
insert into facetas_tipo(id_tipo, id_faceta, valor) values(22, 2,   'false');
insert into facetas_tipo(id_tipo, id_faceta, valor) values(22, 3,   'countably infinite');
insert into facetas_tipo(id_tipo, id_faceta, valor) values(22, 4,   'false');
--NMTOKEN
insert into facetas_tipo(id_tipo, id_faceta, valor) values(23, 8,   '\c+');
insert into facetas_tipo(id_tipo, id_faceta, valor) values(23, 10,  'collapse');
insert into facetas_tipo(id_tipo, id_faceta, valor) values(23, 5,   null);
insert into facetas_tipo(id_tipo, id_faceta, valor) values(23, 6,   null);
insert into facetas_tipo(id_tipo, id_faceta, valor) values(23, 7,   null);
insert into facetas_tipo(id_tipo, id_faceta, valor) values(23, 9,   null);
insert into facetas_tipo(id_tipo, id_faceta, valor) values(23, 17,  null);
insert into facetas_tipo(id_tipo, id_faceta, valor) values(23, 1,   'false');
insert into facetas_tipo(id_tipo, id_faceta, valor) values(23, 2,   'false');
insert into facetas_tipo(id_tipo, id_faceta, valor) values(23, 3,   'countably infinite');
insert into facetas_tipo(id_tipo, id_faceta, valor) values(23, 4,   'false');
--NMTOKENS
insert into facetas_tipo(id_tipo, id_faceta, valor) values(24, 6,   '1');
insert into facetas_tipo(id_tipo, id_faceta, valor) values(24, 10,  'collapse');
insert into facetas_tipo(id_tipo, id_faceta, valor) values(24, 5,   null);
insert into facetas_tipo(id_tipo, id_faceta, valor) values(24, 7,   null);
insert into facetas_tipo(id_tipo, id_faceta, valor) values(24, 8,   null);
insert into facetas_tipo(id_tipo, id_faceta, valor) values(24, 9,   null);
insert into facetas_tipo(id_tipo, id_faceta, valor) values(24, 17,  null);
insert into facetas_tipo(id_tipo, id_faceta, valor) values(24, 1,   'false');
insert into facetas_tipo(id_tipo, id_faceta, valor) values(24, 2,   'false');
insert into facetas_tipo(id_tipo, id_faceta, valor) values(24, 3,   'countably infinite');
insert into facetas_tipo(id_tipo, id_faceta, valor) values(24, 4,   'false');
--Name
insert into facetas_tipo(id_tipo, id_faceta, valor) values(25, 8,   '\i\c*');
insert into facetas_tipo(id_tipo, id_faceta, valor) values(25, 10,  'collapse');
insert into facetas_tipo(id_tipo, id_faceta, valor) values(25, 5,   null);
insert into facetas_tipo(id_tipo, id_faceta, valor) values(25, 6,   null);
insert into facetas_tipo(id_tipo, id_faceta, valor) values(25, 7,   null);
insert into facetas_tipo(id_tipo, id_faceta, valor) values(25, 9,   null);
insert into facetas_tipo(id_tipo, id_faceta, valor) values(25, 17,  null);
insert into facetas_tipo(id_tipo, id_faceta, valor) values(25, 1,   'false');
insert into facetas_tipo(id_tipo, id_faceta, valor) values(25, 2,   'false');
insert into facetas_tipo(id_tipo, id_faceta, valor) values(25, 3,   'countably infinite');
insert into facetas_tipo(id_tipo, id_faceta, valor) values(25, 4,   'false');
--NCName
insert into facetas_tipo(id_tipo, id_faceta, valor) values(26, 8,   '\i\c* ∩ [\i-[:]][\c-[:]]*');
insert into facetas_tipo(id_tipo, id_faceta, valor) values(26, 10,  'collapse');
insert into facetas_tipo(id_tipo, id_faceta, valor) values(26, 5,   null);
insert into facetas_tipo(id_tipo, id_faceta, valor) values(26, 6,   null);
insert into facetas_tipo(id_tipo, id_faceta, valor) values(26, 7,   null);
insert into facetas_tipo(id_tipo, id_faceta, valor) values(26, 9,   null);
insert into facetas_tipo(id_tipo, id_faceta, valor) values(26, 17,  null);
insert into facetas_tipo(id_tipo, id_faceta, valor) values(26, 1,   'false');
insert into facetas_tipo(id_tipo, id_faceta, valor) values(26, 2,   'false');
insert into facetas_tipo(id_tipo, id_faceta, valor) values(26, 3,   'countably infinite');
insert into facetas_tipo(id_tipo, id_faceta, valor) values(26, 4,   'false');
--ID
insert into facetas_tipo(id_tipo, id_faceta, valor) values(27, 8,   '\i\c* ∩ [\i-[:]][\c-[:]]*');
insert into facetas_tipo(id_tipo, id_faceta, valor) values(27, 10,  'collapse');
insert into facetas_tipo(id_tipo, id_faceta, valor) values(27, 5,   null);
insert into facetas_tipo(id_tipo, id_faceta, valor) values(27, 6,   null);
insert into facetas_tipo(id_tipo, id_faceta, valor) values(27, 7,   null);
insert into facetas_tipo(id_tipo, id_faceta, valor) values(27, 9,   null);
insert into facetas_tipo(id_tipo, id_faceta, valor) values(27, 17,  null);
insert into facetas_tipo(id_tipo, id_faceta, valor) values(27, 1,   'false');
insert into facetas_tipo(id_tipo, id_faceta, valor) values(27, 2,   'false');
insert into facetas_tipo(id_tipo, id_faceta, valor) values(27, 3,   'countably infinite');
insert into facetas_tipo(id_tipo, id_faceta, valor) values(27, 4,   'false');
--IDREF
insert into facetas_tipo(id_tipo, id_faceta, valor) values(28, 8,   '\i\c* ∩ [\i-[:]][\c-[:]]*');
insert into facetas_tipo(id_tipo, id_faceta, valor) values(28, 10,  'collapse');
insert into facetas_tipo(id_tipo, id_faceta, valor) values(28, 5,   null);
insert into facetas_tipo(id_tipo, id_faceta, valor) values(28, 6,   null);
insert into facetas_tipo(id_tipo, id_faceta, valor) values(28, 7,   null);
insert into facetas_tipo(id_tipo, id_faceta, valor) values(28, 9,   null);
insert into facetas_tipo(id_tipo, id_faceta, valor) values(28, 17,  null);
insert into facetas_tipo(id_tipo, id_faceta, valor) values(28, 1,   'false');
insert into facetas_tipo(id_tipo, id_faceta, valor) values(28, 2,   'false');
insert into facetas_tipo(id_tipo, id_faceta, valor) values(28, 3,   'countably infinite');
insert into facetas_tipo(id_tipo, id_faceta, valor) values(28, 4,   'false');
--IDREFS
insert into facetas_tipo(id_tipo, id_faceta, valor) values(29, 6,   '1');
insert into facetas_tipo(id_tipo, id_faceta, valor) values(29, 10,  'collapse');
insert into facetas_tipo(id_tipo, id_faceta, valor) values(29, 5,   null);
insert into facetas_tipo(id_tipo, id_faceta, valor) values(29, 7,   null);
insert into facetas_tipo(id_tipo, id_faceta, valor) values(29, 8,   null);
insert into facetas_tipo(id_tipo, id_faceta, valor) values(29, 9,   null);
insert into facetas_tipo(id_tipo, id_faceta, valor) values(29, 17,  null);
insert into facetas_tipo(id_tipo, id_faceta, valor) values(29, 1,   'false');
insert into facetas_tipo(id_tipo, id_faceta, valor) values(29, 2,   'false');
insert into facetas_tipo(id_tipo, id_faceta, valor) values(29, 3,   'countably infinite');
insert into facetas_tipo(id_tipo, id_faceta, valor) values(29, 4,   'false');
--ENTITY
insert into facetas_tipo(id_tipo, id_faceta, valor) values(30, 8,   '\i\c* ∩ [\i-[:]][\c-[:]]*');
insert into facetas_tipo(id_tipo, id_faceta, valor) values(30, 10,  'collapse');
insert into facetas_tipo(id_tipo, id_faceta, valor) values(30, 5,   null);
insert into facetas_tipo(id_tipo, id_faceta, valor) values(30, 6,   null);
insert into facetas_tipo(id_tipo, id_faceta, valor) values(30, 7,   null);
insert into facetas_tipo(id_tipo, id_faceta, valor) values(30, 9,   null);
insert into facetas_tipo(id_tipo, id_faceta, valor) values(30, 17,  null);
insert into facetas_tipo(id_tipo, id_faceta, valor) values(30, 1,   'false');
insert into facetas_tipo(id_tipo, id_faceta, valor) values(30, 2,   'false');
insert into facetas_tipo(id_tipo, id_faceta, valor) values(30, 3,   'countably infinite');
insert into facetas_tipo(id_tipo, id_faceta, valor) values(30, 4,   'false');
--ENTITIES
insert into facetas_tipo(id_tipo, id_faceta, valor) values(31, 6,   '1');
insert into facetas_tipo(id_tipo, id_faceta, valor) values(31, 10,  'collapse');
insert into facetas_tipo(id_tipo, id_faceta, valor) values(31, 5,   null);
insert into facetas_tipo(id_tipo, id_faceta, valor) values(31, 7,   null);
insert into facetas_tipo(id_tipo, id_faceta, valor) values(31, 8,   null);
insert into facetas_tipo(id_tipo, id_faceta, valor) values(31, 9,   null);
insert into facetas_tipo(id_tipo, id_faceta, valor) values(31, 17,  null);
insert into facetas_tipo(id_tipo, id_faceta, valor) values(31, 1,   'false');
insert into facetas_tipo(id_tipo, id_faceta, valor) values(31, 2,   'false');
insert into facetas_tipo(id_tipo, id_faceta, valor) values(31, 3,   'countably infinite');
insert into facetas_tipo(id_tipo, id_faceta, valor) values(31, 4,   'false');
--integer
insert into facetas_tipo(id_tipo, id_faceta, valor) values(32, 16,  '0');
insert into facetas_tipo(id_tipo, id_faceta, valor) values(32, 10,  'collapse');
insert into facetas_tipo(id_tipo, id_faceta, valor) values(32, 8,   '[\-+]?[0-9]+');
insert into facetas_tipo(id_tipo, id_faceta, valor) values(32, 15,  null);
insert into facetas_tipo(id_tipo, id_faceta, valor) values(32, 9,   null);
insert into facetas_tipo(id_tipo, id_faceta, valor) values(32, 11,  null);
insert into facetas_tipo(id_tipo, id_faceta, valor) values(32, 12,  null);
insert into facetas_tipo(id_tipo, id_faceta, valor) values(32, 13,  null);
insert into facetas_tipo(id_tipo, id_faceta, valor) values(32, 14,  null);
insert into facetas_tipo(id_tipo, id_faceta, valor) values(32, 17,  null);
insert into facetas_tipo(id_tipo, id_faceta, valor) values(32, 1,   'total');
insert into facetas_tipo(id_tipo, id_faceta, valor) values(32, 2,   'false');
insert into facetas_tipo(id_tipo, id_faceta, valor) values(32, 3,   'countably infinite');
insert into facetas_tipo(id_tipo, id_faceta, valor) values(32, 4,   'true');
--nonPositiveInteger
insert into facetas_tipo(id_tipo, id_faceta, valor) values(33, 16,  '0');
insert into facetas_tipo(id_tipo, id_faceta, valor) values(33, 10,  'collapse');
insert into facetas_tipo(id_tipo, id_faceta, valor) values(33, 8,   '[\-+]?[0-9]+');
insert into facetas_tipo(id_tipo, id_faceta, valor) values(33, 15,  null);
insert into facetas_tipo(id_tipo, id_faceta, valor) values(33, 9,   null);
insert into facetas_tipo(id_tipo, id_faceta, valor) values(33, 12,  null);
insert into facetas_tipo(id_tipo, id_faceta, valor) values(33, 13,  null);
insert into facetas_tipo(id_tipo, id_faceta, valor) values(33, 14,  null);
insert into facetas_tipo(id_tipo, id_faceta, valor) values(33, 17,  null);
insert into facetas_tipo(id_tipo, id_faceta, valor) values(33, 1,   'total');
insert into facetas_tipo(id_tipo, id_faceta, valor) values(33, 2,   'false');
insert into facetas_tipo(id_tipo, id_faceta, valor) values(33, 3,   'countably infinite');
insert into facetas_tipo(id_tipo, id_faceta, valor) values(33, 4,   'true');
--negativeInteger
insert into facetas_tipo(id_tipo, id_faceta, valor) values(34, 16,  '0');
insert into facetas_tipo(id_tipo, id_faceta, valor) values(34, 10,  'collapse');
insert into facetas_tipo(id_tipo, id_faceta, valor) values(34, 8,   '[\-+]?[0-9]+');
insert into facetas_tipo(id_tipo, id_faceta, valor) values(34, 11,  '-1');
insert into facetas_tipo(id_tipo, id_faceta, valor) values(34, 15,  null);
insert into facetas_tipo(id_tipo, id_faceta, valor) values(34, 9,   null);
insert into facetas_tipo(id_tipo, id_faceta, valor) values(34, 12,  null);
insert into facetas_tipo(id_tipo, id_faceta, valor) values(34, 13,  null);
insert into facetas_tipo(id_tipo, id_faceta, valor) values(34, 14,  null);
insert into facetas_tipo(id_tipo, id_faceta, valor) values(34, 17,  null);
insert into facetas_tipo(id_tipo, id_faceta, valor) values(34, 1,   'total');
insert into facetas_tipo(id_tipo, id_faceta, valor) values(34, 2,   'false');
insert into facetas_tipo(id_tipo, id_faceta, valor) values(34, 3,   'countably infinite');
insert into facetas_tipo(id_tipo, id_faceta, valor) values(34, 4,   'true');
--long
insert into facetas_tipo(id_tipo, id_faceta, valor) values(35, 16,  '0');
insert into facetas_tipo(id_tipo, id_faceta, valor) values(35, 10,  'collapse');
insert into facetas_tipo(id_tipo, id_faceta, valor) values(35, 8,   '[\-+]?[0-9]+');
insert into facetas_tipo(id_tipo, id_faceta, valor) values(35, 11,  '9223372036854775807');
insert into facetas_tipo(id_tipo, id_faceta, valor) values(35, 12,  '-9223372036854775808');
insert into facetas_tipo(id_tipo, id_faceta, valor) values(35, 15,  null);
insert into facetas_tipo(id_tipo, id_faceta, valor) values(35, 9,   null);
insert into facetas_tipo(id_tipo, id_faceta, valor) values(35, 13,  null);
insert into facetas_tipo(id_tipo, id_faceta, valor) values(35, 14,  null);
insert into facetas_tipo(id_tipo, id_faceta, valor) values(35, 17,  null);
insert into facetas_tipo(id_tipo, id_faceta, valor) values(35, 1,   'total');
insert into facetas_tipo(id_tipo, id_faceta, valor) values(35, 2,   'false');
insert into facetas_tipo(id_tipo, id_faceta, valor) values(35, 3,   'countably infinite');
insert into facetas_tipo(id_tipo, id_faceta, valor) values(35, 4,   'true');
--int
insert into facetas_tipo(id_tipo, id_faceta, valor) values(36, 16,  '0');
insert into facetas_tipo(id_tipo, id_faceta, valor) values(36, 10,  'collapse');
insert into facetas_tipo(id_tipo, id_faceta, valor) values(36, 8,   '[\-+]?[0-9]+');
insert into facetas_tipo(id_tipo, id_faceta, valor) values(36, 11,  '2147483647');
insert into facetas_tipo(id_tipo, id_faceta, valor) values(36, 12,  '-2147483648');
insert into facetas_tipo(id_tipo, id_faceta, valor) values(36, 15,  null);
insert into facetas_tipo(id_tipo, id_faceta, valor) values(36, 9,   null);
insert into facetas_tipo(id_tipo, id_faceta, valor) values(36, 13,  null);
insert into facetas_tipo(id_tipo, id_faceta, valor) values(36, 14,  null);
insert into facetas_tipo(id_tipo, id_faceta, valor) values(36, 17,  null);
insert into facetas_tipo(id_tipo, id_faceta, valor) values(36, 1,   'total');
insert into facetas_tipo(id_tipo, id_faceta, valor) values(36, 2,   'true');
insert into facetas_tipo(id_tipo, id_faceta, valor) values(36, 3,   'finite');
insert into facetas_tipo(id_tipo, id_faceta, valor) values(36, 4,   'true');
--short
insert into facetas_tipo(id_tipo, id_faceta, valor) values(37, 16,  '0');
insert into facetas_tipo(id_tipo, id_faceta, valor) values(37, 10,  'collapse');
insert into facetas_tipo(id_tipo, id_faceta, valor) values(37, 8,   '[\-+]?[0-9]+');
insert into facetas_tipo(id_tipo, id_faceta, valor) values(37, 11,  '32767');
insert into facetas_tipo(id_tipo, id_faceta, valor) values(37, 12,  '-32768');
insert into facetas_tipo(id_tipo, id_faceta, valor) values(37, 15,  null);
insert into facetas_tipo(id_tipo, id_faceta, valor) values(37, 9,   null);
insert into facetas_tipo(id_tipo, id_faceta, valor) values(37, 13,  null);
insert into facetas_tipo(id_tipo, id_faceta, valor) values(37, 14,  null);
insert into facetas_tipo(id_tipo, id_faceta, valor) values(37, 17,  null);
insert into facetas_tipo(id_tipo, id_faceta, valor) values(37, 1,   'total');
insert into facetas_tipo(id_tipo, id_faceta, valor) values(37, 2,   'true');
insert into facetas_tipo(id_tipo, id_faceta, valor) values(37, 3,   'finite');
insert into facetas_tipo(id_tipo, id_faceta, valor) values(37, 4,   'true');
--byte
insert into facetas_tipo(id_tipo, id_faceta, valor) values(38, 16,  '0');
insert into facetas_tipo(id_tipo, id_faceta, valor) values(38, 10,  'collapse');
insert into facetas_tipo(id_tipo, id_faceta, valor) values(38, 8,   '[\-+]?[0-9]+');
insert into facetas_tipo(id_tipo, id_faceta, valor) values(38, 11,  '127');
insert into facetas_tipo(id_tipo, id_faceta, valor) values(38, 12,  '-128');
insert into facetas_tipo(id_tipo, id_faceta, valor) values(38, 15,  null);
insert into facetas_tipo(id_tipo, id_faceta, valor) values(38, 9,   null);
insert into facetas_tipo(id_tipo, id_faceta, valor) values(38, 13,  null);
insert into facetas_tipo(id_tipo, id_faceta, valor) values(38, 14,  null);
insert into facetas_tipo(id_tipo, id_faceta, valor) values(38, 17,  null);
insert into facetas_tipo(id_tipo, id_faceta, valor) values(38, 1,   'total');
insert into facetas_tipo(id_tipo, id_faceta, valor) values(38, 2,   'true');
insert into facetas_tipo(id_tipo, id_faceta, valor) values(38, 3,   'finite');
insert into facetas_tipo(id_tipo, id_faceta, valor) values(38, 4,   'true');
--nonNegativeInteger
insert into facetas_tipo(id_tipo, id_faceta, valor) values(39, 16,  '0');
insert into facetas_tipo(id_tipo, id_faceta, valor) values(39, 10,  'collapse');
insert into facetas_tipo(id_tipo, id_faceta, valor) values(39, 8,   '[\-+]?[0-9]+');
insert into facetas_tipo(id_tipo, id_faceta, valor) values(39, 14,  '0');
insert into facetas_tipo(id_tipo, id_faceta, valor) values(39, 15,  null);
insert into facetas_tipo(id_tipo, id_faceta, valor) values(39, 9,   null);
insert into facetas_tipo(id_tipo, id_faceta, valor) values(39, 11,  null);
insert into facetas_tipo(id_tipo, id_faceta, valor) values(39, 12,  null);
insert into facetas_tipo(id_tipo, id_faceta, valor) values(39, 13,  null);
insert into facetas_tipo(id_tipo, id_faceta, valor) values(39, 17,  null);
insert into facetas_tipo(id_tipo, id_faceta, valor) values(39, 1,   'total');
insert into facetas_tipo(id_tipo, id_faceta, valor) values(39, 2,   'false');
insert into facetas_tipo(id_tipo, id_faceta, valor) values(39, 3,   'countably infinite');
insert into facetas_tipo(id_tipo, id_faceta, valor) values(39, 4,   'true');
--unsignedLong
insert into facetas_tipo(id_tipo, id_faceta, valor) values(40, 16,  '0');
insert into facetas_tipo(id_tipo, id_faceta, valor) values(40, 10,  'collapse');
insert into facetas_tipo(id_tipo, id_faceta, valor) values(40, 8,   '[\-+]?[0-9]+');
insert into facetas_tipo(id_tipo, id_faceta, valor) values(40, 11,  '18446744073709551615');
insert into facetas_tipo(id_tipo, id_faceta, valor) values(40, 14,  '0');
insert into facetas_tipo(id_tipo, id_faceta, valor) values(40, 15,  null);
insert into facetas_tipo(id_tipo, id_faceta, valor) values(40, 9,   null);
insert into facetas_tipo(id_tipo, id_faceta, valor) values(40, 12,  null);
insert into facetas_tipo(id_tipo, id_faceta, valor) values(40, 13,  null);
insert into facetas_tipo(id_tipo, id_faceta, valor) values(40, 17,  null);
insert into facetas_tipo(id_tipo, id_faceta, valor) values(40, 1,   'total');
insert into facetas_tipo(id_tipo, id_faceta, valor) values(40, 2,   'true');
insert into facetas_tipo(id_tipo, id_faceta, valor) values(40, 3,   'finite');
insert into facetas_tipo(id_tipo, id_faceta, valor) values(40, 4,   'true');
--unsignedInt
insert into facetas_tipo(id_tipo, id_faceta, valor) values(41, 16,  '0');
insert into facetas_tipo(id_tipo, id_faceta, valor) values(41, 10,  'collapse');
insert into facetas_tipo(id_tipo, id_faceta, valor) values(41, 8,   '[\-+]?[0-9]+');
insert into facetas_tipo(id_tipo, id_faceta, valor) values(41, 11,  '4294967295');
insert into facetas_tipo(id_tipo, id_faceta, valor) values(41, 14,  '0');
insert into facetas_tipo(id_tipo, id_faceta, valor) values(41, 15,  null);
insert into facetas_tipo(id_tipo, id_faceta, valor) values(41, 9,   null);
insert into facetas_tipo(id_tipo, id_faceta, valor) values(41, 12,  null);
insert into facetas_tipo(id_tipo, id_faceta, valor) values(41, 13,  null);
insert into facetas_tipo(id_tipo, id_faceta, valor) values(41, 17,  null);
insert into facetas_tipo(id_tipo, id_faceta, valor) values(41, 1,   'total');
insert into facetas_tipo(id_tipo, id_faceta, valor) values(41, 2,   'true');
insert into facetas_tipo(id_tipo, id_faceta, valor) values(41, 3,   'finite');
insert into facetas_tipo(id_tipo, id_faceta, valor) values(41, 4,   'true');
--unsignedShort
insert into facetas_tipo(id_tipo, id_faceta, valor) values(42, 16,  '0');
insert into facetas_tipo(id_tipo, id_faceta, valor) values(42, 10,  'collapse');
insert into facetas_tipo(id_tipo, id_faceta, valor) values(42, 8,   '[\-+]?[0-9]+');
insert into facetas_tipo(id_tipo, id_faceta, valor) values(42, 11,  '65535');
insert into facetas_tipo(id_tipo, id_faceta, valor) values(42, 14,  '0');
insert into facetas_tipo(id_tipo, id_faceta, valor) values(42, 15,  null);
insert into facetas_tipo(id_tipo, id_faceta, valor) values(42, 9,   null);
insert into facetas_tipo(id_tipo, id_faceta, valor) values(42, 12,  null);
insert into facetas_tipo(id_tipo, id_faceta, valor) values(42, 13,  null);
insert into facetas_tipo(id_tipo, id_faceta, valor) values(42, 17,  null);
insert into facetas_tipo(id_tipo, id_faceta, valor) values(42, 1,   'total');
insert into facetas_tipo(id_tipo, id_faceta, valor) values(42, 2,   'true');
insert into facetas_tipo(id_tipo, id_faceta, valor) values(42, 3,   'finite');
insert into facetas_tipo(id_tipo, id_faceta, valor) values(42, 4,   'true');
--unsignedByte
insert into facetas_tipo(id_tipo, id_faceta, valor) values(43, 16,  '0');
insert into facetas_tipo(id_tipo, id_faceta, valor) values(43, 10,  'collapse');
insert into facetas_tipo(id_tipo, id_faceta, valor) values(43, 8,   '[\-+]?[0-9]+');
insert into facetas_tipo(id_tipo, id_faceta, valor) values(43, 11,  '255');
insert into facetas_tipo(id_tipo, id_faceta, valor) values(43, 14,  '0');
insert into facetas_tipo(id_tipo, id_faceta, valor) values(43, 15,  null);
insert into facetas_tipo(id_tipo, id_faceta, valor) values(43, 9,   null);
insert into facetas_tipo(id_tipo, id_faceta, valor) values(43, 12,  null);
insert into facetas_tipo(id_tipo, id_faceta, valor) values(43, 13,  null);
insert into facetas_tipo(id_tipo, id_faceta, valor) values(43, 17,  null);
insert into facetas_tipo(id_tipo, id_faceta, valor) values(43, 1,   'total');
insert into facetas_tipo(id_tipo, id_faceta, valor) values(43, 2,   'true');
insert into facetas_tipo(id_tipo, id_faceta, valor) values(43, 3,   'finite');
insert into facetas_tipo(id_tipo, id_faceta, valor) values(43, 4,   'true');
--positiveInteger
insert into facetas_tipo(id_tipo, id_faceta, valor) values(44, 16,  '0');
insert into facetas_tipo(id_tipo, id_faceta, valor) values(44, 10,  'collapse');
insert into facetas_tipo(id_tipo, id_faceta, valor) values(44, 8,   '[\-+]?[0-9]+');
insert into facetas_tipo(id_tipo, id_faceta, valor) values(44, 14,  '1');
insert into facetas_tipo(id_tipo, id_faceta, valor) values(44, 15,  null);
insert into facetas_tipo(id_tipo, id_faceta, valor) values(44, 9,   null);
insert into facetas_tipo(id_tipo, id_faceta, valor) values(44, 11,  null);
insert into facetas_tipo(id_tipo, id_faceta, valor) values(44, 12,  null);
insert into facetas_tipo(id_tipo, id_faceta, valor) values(44, 13,  null);
insert into facetas_tipo(id_tipo, id_faceta, valor) values(44, 17,  null);
insert into facetas_tipo(id_tipo, id_faceta, valor) values(44, 1,   'total');
insert into facetas_tipo(id_tipo, id_faceta, valor) values(44, 2,   'false');
insert into facetas_tipo(id_tipo, id_faceta, valor) values(44, 3,   'countably infinite');
insert into facetas_tipo(id_tipo, id_faceta, valor) values(44, 4,   'true');
--yearMonthDuration
insert into facetas_tipo(id_tipo, id_faceta, valor) values(45, 10,  'collapse');
insert into facetas_tipo(id_tipo, id_faceta, valor) values(45, 8,   '[^DT]*');
insert into facetas_tipo(id_tipo, id_faceta, valor) values(45, 9,   null);
insert into facetas_tipo(id_tipo, id_faceta, valor) values(45, 11,  null);
insert into facetas_tipo(id_tipo, id_faceta, valor) values(45, 12,  null);
insert into facetas_tipo(id_tipo, id_faceta, valor) values(45, 13,  null);
insert into facetas_tipo(id_tipo, id_faceta, valor) values(45, 14,  null);
insert into facetas_tipo(id_tipo, id_faceta, valor) values(45, 17,  null);
insert into facetas_tipo(id_tipo, id_faceta, valor) values(45, 1,   'partial');
insert into facetas_tipo(id_tipo, id_faceta, valor) values(45, 2,   'false');
insert into facetas_tipo(id_tipo, id_faceta, valor) values(45, 3,   'countably infinite');
insert into facetas_tipo(id_tipo, id_faceta, valor) values(45, 4,   'false');
--dayTimeDuration
insert into facetas_tipo(id_tipo, id_faceta, valor) values(46, 10,  'collapse');
insert into facetas_tipo(id_tipo, id_faceta, valor) values(46, 8,   '[^YM]*(T.*)?');
insert into facetas_tipo(id_tipo, id_faceta, valor) values(46, 9,   null);
insert into facetas_tipo(id_tipo, id_faceta, valor) values(46, 11,  null);
insert into facetas_tipo(id_tipo, id_faceta, valor) values(46, 12,  null);
insert into facetas_tipo(id_tipo, id_faceta, valor) values(46, 13,  null);
insert into facetas_tipo(id_tipo, id_faceta, valor) values(46, 14,  null);
insert into facetas_tipo(id_tipo, id_faceta, valor) values(46, 17,  null);
insert into facetas_tipo(id_tipo, id_faceta, valor) values(46, 1,   'partial');
insert into facetas_tipo(id_tipo, id_faceta, valor) values(46, 2,   'false');
insert into facetas_tipo(id_tipo, id_faceta, valor) values(46, 3,   'countably infinite');
insert into facetas_tipo(id_tipo, id_faceta, valor) values(46, 4,   'false');
--dateTimeStamp
insert into facetas_tipo(id_tipo, id_faceta, valor) values(47, 10,  'collapse');
insert into facetas_tipo(id_tipo, id_faceta, valor) values(47, 18,  'required');
insert into facetas_tipo(id_tipo, id_faceta, valor) values(47, 8,   null);
insert into facetas_tipo(id_tipo, id_faceta, valor) values(47, 9,   null);
insert into facetas_tipo(id_tipo, id_faceta, valor) values(47, 11,  null);
insert into facetas_tipo(id_tipo, id_faceta, valor) values(47, 12,  null);
insert into facetas_tipo(id_tipo, id_faceta, valor) values(47, 13,  null);
insert into facetas_tipo(id_tipo, id_faceta, valor) values(47, 14,  null);
insert into facetas_tipo(id_tipo, id_faceta, valor) values(47, 17,  null);
insert into facetas_tipo(id_tipo, id_faceta, valor) values(47, 1,   'partial');
insert into facetas_tipo(id_tipo, id_faceta, valor) values(47, 2,   'false');
insert into facetas_tipo(id_tipo, id_faceta, valor) values(47, 3,   'countably infinite');
insert into facetas_tipo(id_tipo, id_faceta, valor) values(47, 4,   'false');
